{
  "0": {
    "precision": 0.4971876440756109,
    "recall": 0.9988884772137829,
    "f1-score": 0.6639167641445546,
    "support": 16194.0
  },
  "1": {
    "precision": 0.45454545454545453,
    "recall": 0.0009160864785635764,
    "f1-score": 0.0018284878405558603,
    "support": 16374.0
  },
  "accuracy": 0.49714443625644805,
  "macro avg": {
    "precision": 0.47586654931053274,
    "recall": 0.49990228184617325,
    "f1-score": 0.33287262599255524,
    "support": 32568.0
  },
  "weighted avg": {
    "precision": 0.475748709803725,
    "recall": 0.49714443625644805,
    "f1-score": 0.3310429789504476,
    "support": 32568.0
  }
}