{
  "0": {
    "precision": 0.4962692295882335,
    "recall": 0.9999381302975933,
    "f1-score": 0.6633285450441206,
    "support": 16163.0
  },
  "1": {
    "precision": 0.0,
    "recall": 0.0,
    "f1-score": 0.0,
    "support": 16405.0
  },
  "accuracy": 0.4962539916482437,
  "macro avg": {
    "precision": 0.24813461479411675,
    "recall": 0.49996906514879663,
    "f1-score": 0.3316642725220603,
    "support": 32568.0
  },
  "weighted avg": {
    "precision": 0.24629082405534936,
    "recall": 0.4962539916482437,
    "f1-score": 0.3291998057463806,
    "support": 32568.0
  }
}