{
  "0": {
    "precision": 0.49628469663473346,
    "recall": 1.0,
    "f1-score": 0.6633559746362685,
    "support": 16163.0
  },
  "1": {
    "precision": 0.0,
    "recall": 0.0,
    "f1-score": 0.0,
    "support": 16405.0
  },
  "accuracy": 0.49628469663473346,
  "macro avg": {
    "precision": 0.24814234831736673,
    "recall": 0.5,
    "f1-score": 0.33167798731813425,
    "support": 32568.0
  },
  "weighted avg": {
    "precision": 0.24629850011382945,
    "recall": 0.49628469663473346,
    "f1-score": 0.3292134186331985,
    "support": 32568.0
  }
}