{
  "0": {
    "precision": 0.4972365512159175,
    "recall": 1.0,
    "f1-score": 0.6642057339731758,
    "support": 16194.0
  },
  "1": {
    "precision": 0.0,
    "recall": 0.0,
    "f1-score": 0.0,
    "support": 16374.0
  },
  "accuracy": 0.4972365512159175,
  "macro avg": {
    "precision": 0.24861827560795874,
    "recall": 0.5,
    "f1-score": 0.3321028669865879,
    "support": 32568.0
  },
  "weighted avg": {
    "precision": 0.24724418786509972,
    "recall": 0.4972365512159175,
    "f1-score": 0.3302673684586591,
    "support": 32568.0
  }
}