{
  "0": {
    "precision": 0.49564169139465875,
    "recall": 0.9901815487217488,
    "f1-score": 0.660610554937585,
    "support": 16194.0
  },
  "1": {
    "precision": 0.2638888888888889,
    "recall": 0.0034811286185415903,
    "f1-score": 0.006871609403254973,
    "support": 16374.0
  },
  "accuracy": 0.49410464259395726,
  "macro avg": {
    "precision": 0.37976529014177385,
    "recall": 0.4968313386701452,
    "f1-score": 0.33374108217042,
    "support": 32568.0
  },
  "weighted avg": {
    "precision": 0.37912485314148153,
    "recall": 0.49410464259395726,
    "f1-score": 0.3319345080762757,
    "support": 32568.0
  }
}