{
  "0.0": {
    "precision": 0.7391060407705256,
    "recall": 0.7335271917342078,
    "f1-score": 0.7363060489380201,
    "support": 16163.0
  },
  "1.0": {
    "precision": 0.7393961396502693,
    "recall": 0.7448948491313624,
    "f1-score": 0.7421353091218268,
    "support": 16405.0
  },
  "accuracy": 0.739253254728568,
  "macro avg": {
    "precision": 0.7392510902103975,
    "recall": 0.7392110204327851,
    "f1-score": 0.7392206790299234,
    "support": 32568.0
  },
  "weighted avg": {
    "precision": 0.7392521680157416,
    "recall": 0.739253254728568,
    "f1-score": 0.7392423364999013,
    "support": 32568.0
  }
}