{
  "0.0": {
    "precision": 0.7519039926148166,
    "recall": 0.6035568729158948,
    "f1-score": 0.6696125783578255,
    "support": 16194.0
  },
  "1.0": {
    "precision": 0.6719300935152537,
    "recall": 0.8030414071088311,
    "f1-score": 0.7316584592271096,
    "support": 16374.0
  },
  "accuracy": 0.7038504053058217,
  "macro avg": {
    "precision": 0.7119170430650351,
    "recall": 0.7032991400123629,
    "f1-score": 0.7006355187924675,
    "support": 32568.0
  },
  "weighted avg": {
    "precision": 0.7116960392908102,
    "recall": 0.7038504053058217,
    "f1-score": 0.7008069794065132,
    "support": 32568.0
  }
}