{
  "0.0": {
    "precision": 0.8877940241576605,
    "recall": 0.17247128566135606,
    "f1-score": 0.2888314374353671,
    "support": 16194.0
  },
  "1.0": {
    "precision": 0.5445245054720957,
    "recall": 0.9784414315378038,
    "f1-score": 0.6996680932832562,
    "support": 16374.0
  },
  "accuracy": 0.577683615819209,
  "macro avg": {
    "precision": 0.7161592648148781,
    "recall": 0.57545635859958,
    "f1-score": 0.49424976535931164,
    "support": 32568.0
  },
  "weighted avg": {
    "precision": 0.7152106570808539,
    "recall": 0.577683615819209,
    "f1-score": 0.49538509141637105,
    "support": 32568.0
  }
}