{
  "0.0": {
    "precision": 0.6188273435337841,
    "recall": 0.9665308138816846,
    "f1-score": 0.7545496179526117,
    "support": 16194.0
  },
  "1.0": {
    "precision": 0.9254982817869416,
    "recall": 0.4112006840112373,
    "f1-score": 0.5694109687513214,
    "support": 16374.0
  },
  "accuracy": 0.6873311225743061,
  "macro avg": {
    "precision": 0.7721628126603628,
    "recall": 0.6888657489464609,
    "f1-score": 0.6619802933519665,
    "support": 32568.0
  },
  "weighted avg": {
    "precision": 0.773010282091792,
    "recall": 0.6873311225743061,
    "f1-score": 0.6614686721769446,
    "support": 32568.0
  }
}