{
  "0.0": {
    "precision": 0.6800263740404088,
    "recall": 0.893336633050795,
    "f1-score": 0.7722216279816023,
    "support": 16163.0
  },
  "1.0": {
    "precision": 0.8479047198941332,
    "recall": 0.5858579701310576,
    "f1-score": 0.6929343907714491,
    "support": 16405.0
  },
  "accuracy": 0.738454925079833,
  "macro avg": {
    "precision": 0.763965546967271,
    "recall": 0.7395973015909263,
    "f1-score": 0.7325780093765257,
    "support": 32568.0
  },
  "weighted avg": {
    "precision": 0.7645892659505767,
    "recall": 0.738454925079833,
    "f1-score": 0.7322834332372962,
    "support": 32568.0
  }
}