{
  "0.0": {
    "precision": 0.5716804605973371,
    "recall": 0.9829239621357422,
    "f1-score": 0.7229085614178782,
    "support": 16163.0
  },
  "1.0": {
    "precision": 0.9422352448723316,
    "recall": 0.27442852788783906,
    "f1-score": 0.42505782939149317,
    "support": 16405.0
  },
  "accuracy": 0.6260439695406534,
  "macro avg": {
    "precision": 0.7569578527348344,
    "recall": 0.6286762450117906,
    "f1-score": 0.5739831954046857,
    "support": 32568.0
  },
  "weighted avg": {
    "precision": 0.758334576171867,
    "recall": 0.6260439695406534,
    "f1-score": 0.572876589577641,
    "support": 32568.0
  }
}