{
  "0.0": {
    "precision": 0.6904292824554127,
    "recall": 0.8223416080029641,
    "f1-score": 0.7506341243447382,
    "support": 16194.0
  },
  "1.0": {
    "precision": 0.7833584337349397,
    "recall": 0.6353365090997923,
    "f1-score": 0.7016254130977271,
    "support": 16374.0
  },
  "accuracy": 0.728322279538197,
  "macro avg": {
    "precision": 0.7368938580951763,
    "recall": 0.7288390585513782,
    "f1-score": 0.7261297687212327,
    "support": 32568.0
  },
  "weighted avg": {
    "precision": 0.7371506630452854,
    "recall": 0.728322279538197,
    "f1-score": 0.7259943356577276,
    "support": 32568.0
  }
}