{
  "0.0": {
    "precision": 0.8684389911383776,
    "recall": 0.3152880034647033,
    "f1-score": 0.46262085243520495,
    "support": 16163.0
  },
  "1.0": {
    "precision": 0.5855056179775281,
    "recall": 0.9529411764705882,
    "f1-score": 0.7253450875768472,
    "support": 16405.0
  },
  "accuracy": 0.6364836649471874,
  "macro avg": {
    "precision": 0.7269723045579528,
    "recall": 0.6341145899676457,
    "f1-score": 0.5939829700060261,
    "support": 32568.0
  },
  "weighted avg": {
    "precision": 0.7259211212445021,
    "recall": 0.6364836649471874,
    "f1-score": 0.5949590702409849,
    "support": 32568.0
  }
}