{
  "0": {
    "precision": 0.9647813804961926,
    "recall": 1.0,
    "f1-score": 0.982075044148213,
    "support": 31421.0
  },
  "1": {
    "precision": 0.0,
    "recall": 0.0,
    "f1-score": 0.0,
    "support": 1147.0
  },
  "accuracy": 0.9647813804961926,
  "macro avg": {
    "precision": 0.4823906902480963,
    "recall": 0.5,
    "f1-score": 0.4910375220741065,
    "support": 32568.0
  },
  "weighted avg": {
    "precision": 0.9308031121521391,
    "recall": 0.9647813804961926,
    "f1-score": 0.9474877168441722,
    "support": 32568.0
  }
}