{
  "0": {
    "precision": 0.9684734328557593,
    "recall": 0.9229177938321504,
    "f1-score": 0.9451469917215305,
    "support": 31421.0
  },
  "1": {
    "precision": 0.07733333333333334,
    "recall": 0.17698343504795117,
    "f1-score": 0.10763520678685047,
    "support": 1147.0
  },
  "accuracy": 0.8966470154753132,
  "macro avg": {
    "precision": 0.5229033830945463,
    "recall": 0.5499506144400508,
    "f1-score": 0.5263910992541905,
    "support": 32568.0
  },
  "weighted avg": {
    "precision": 0.937088708766094,
    "recall": 0.8966470154753132,
    "f1-score": 0.9156509828379614,
    "support": 32568.0
  }
}