{
  "0": {
    "precision": 0.5242036717401538,
    "recall": 0.8233010905058222,
    "f1-score": 0.6405579656304676,
    "support": 16231.0
  },
  "1": {
    "precision": 0.5946862634256642,
    "recall": 0.25757483014017263,
    "f1-score": 0.3594584205355999,
    "support": 16337.0
  },
  "accuracy": 0.5395173176123802,
  "macro avg": {
    "precision": 0.559444967582909,
    "recall": 0.5404379603229974,
    "f1-score": 0.5000081930830338,
    "support": 32568.0
  },
  "weighted avg": {
    "precision": 0.559559668435259,
    "recall": 0.5395173176123802,
    "f1-score": 0.499550741723109,
    "support": 32568.0
  }
}