{
  "0": {
    "precision": 0.49795227097767514,
    "recall": 0.9963033700942641,
    "f1-score": 0.6640249661232702,
    "support": 16231.0
  },
  "1": {
    "precision": 0.3548387096774194,
    "recall": 0.0020199547040460307,
    "f1-score": 0.004017041996348144,
    "support": 16337.0
  },
  "accuracy": 0.4975436010808155,
  "macro avg": {
    "precision": 0.42639549032754726,
    "recall": 0.49916166239915505,
    "f1-score": 0.33402100405980917,
    "support": 32568.0
  },
  "weighted avg": {
    "precision": 0.42616259242933696,
    "recall": 0.4975436010808155,
    "f1-score": 0.3329469307369546,
    "support": 32568.0
  }
}