{
  "0": {
    "precision": 0.4982031513960131,
    "recall": 0.9993222845172818,
    "f1-score": 0.6649176026891859,
    "support": 16231.0
  },
  "1": {
    "precision": 0.0,
    "recall": 0.0,
    "f1-score": 0.0,
    "support": 16337.0
  },
  "accuracy": 0.4980348808646524,
  "macro avg": {
    "precision": 0.24910157569800656,
    "recall": 0.4996611422586409,
    "f1-score": 0.33245880134459294,
    "support": 32568.0
  },
  "weighted avg": {
    "precision": 0.24829081768326852,
    "recall": 0.4980348808646524,
    "f1-score": 0.33137673818620045,
    "support": 32568.0
  }
}