{
  "0": {
    "precision": 0.5014431343650209,
    "recall": 1.0,
    "f1-score": 0.6679482197999959,
    "support": 16331.0
  },
  "1": {
    "precision": 0.0,
    "recall": 0.0,
    "f1-score": 0.0,
    "support": 16237.0
  },
  "accuracy": 0.5014431343650209,
  "macro avg": {
    "precision": 0.25072156718251043,
    "recall": 0.5,
    "f1-score": 0.33397410989999793,
    "support": 32568.0
  },
  "weighted avg": {
    "precision": 0.2514452170018164,
    "recall": 0.5014431343650209,
    "f1-score": 0.3349380489300458,
    "support": 32568.0
  }
}