{
  "0": {
    "precision": 0.5010773871821708,
    "recall": 0.9967546384177332,
    "f1-score": 0.6668988262285679,
    "support": 16331.0
  },
  "1": {
    "precision": 0.35365853658536583,
    "recall": 0.0017860442199913776,
    "f1-score": 0.003554139346773699,
    "support": 16237.0
  },
  "accuracy": 0.5007062146892656,
  "macro avg": {
    "precision": 0.4273679618837683,
    "recall": 0.4992703413188623,
    "f1-score": 0.3352264827876708,
    "support": 32568.0
  },
  "weighted avg": {
    "precision": 0.42758070709311646,
    "recall": 0.5007062146892656,
    "f1-score": 0.3361837783011639,
    "support": 32568.0
  }
}