{
  "0": {
    "precision": 0.4983726357160403,
    "recall": 1.0,
    "f1-score": 0.6652185495604418,
    "support": 16231.0
  },
  "1": {
    "precision": 0.0,
    "recall": 0.0,
    "f1-score": 0.0,
    "support": 16337.0
  },
  "accuracy": 0.4983726357160403,
  "macro avg": {
    "precision": 0.24918631785802015,
    "recall": 0.5,
    "f1-score": 0.3326092747802209,
    "support": 32568.0
  },
  "weighted avg": {
    "precision": 0.248375284030553,
    "recall": 0.4983726357160403,
    "f1-score": 0.3315267218716388,
    "support": 32568.0
  }
}