{
  "0": {
    "precision": 0.5013665817031601,
    "recall": 0.9996938338129937,
    "f1-score": 0.6678120014725734,
    "support": 16331.0
  },
  "1": {
    "precision": 0.0,
    "recall": 0.0,
    "f1-score": 0.0,
    "support": 16237.0
  },
  "accuracy": 0.5012896094325718,
  "macro avg": {
    "precision": 0.25068329085158003,
    "recall": 0.49984691690649685,
    "f1-score": 0.3339060007362867,
    "support": 32568.0
  },
  "weighted avg": {
    "precision": 0.2514068301951089,
    "recall": 0.5012896094325718,
    "f1-score": 0.3348697431849851,
    "support": 32568.0
  }
}