{
  "0": {
    "precision": 0.5256123848716441,
    "recall": 0.8211989467883167,
    "f1-score": 0.6409692682693686,
    "support": 16331.0
  },
  "1": {
    "precision": 0.5859917765489863,
    "recall": 0.2545420952146332,
    "f1-score": 0.3549162730785745,
    "support": 16237.0
  },
  "accuracy": 0.5386882829771555,
  "macro avg": {
    "precision": 0.5558020807103152,
    "recall": 0.5378705210014749,
    "f1-score": 0.4979427706739715,
    "support": 32568.0
  },
  "weighted avg": {
    "precision": 0.5557149451352466,
    "recall": 0.5386882829771555,
    "f1-score": 0.4983555835815486,
    "support": 32568.0
  }
}